"","address","charging","engineType","exterior","fuel","interior","name","smartPhoneRequired","vin","City","Longitude","Latitude","Altitude"
"1","E 11th St 1487, 78702 Austin",NA,"CE","GOOD",100,"GOOD","CSF 9069","FALSE","WMEEJ3BA7EK733766","austin",-97.72514,30.26766,0
"2","E 1st St 2384, 78702 Austin",NA,"CE","GOOD",24,"GOOD","FBV 4383","FALSE","WMEEJ3BAXFK799407","austin",-97.71775,30.25513,0
"3","The Enclave - 1005 W Stassney Lane - 2 Spaces",NA,"CE","GOOD",100,"GOOD","FBV 4428","FALSE","WMEEJ3BA3FK799491","austin",-97.78589,30.2098,0
"4","Krebs Ln 149, 78704 Austin",NA,"CE","GOOD",36,"GOOD","CSG 1541","FALSE","WMEEJ3BA7EK734657","austin",-97.76305,30.22566,0
"5","W 16th St 471, 78701 Austin",NA,"CE","GOOD",90,"GOOD","FJC 9793","FALSE","WMEEJ3BA6FK801945","austin",-97.74339,30.27909,0
"6","E 9th St 618, 78701 Austin",NA,"CE","GOOD",39,"GOOD","FBV 4391","FALSE","WMEEJ3BA0FK799271","austin",-97.73589,30.26927,0
"7","W 6th St 1853, 78703 Austin",NA,"CE","GOOD",15,"GOOD","CK9 T374","FALSE","WMEEJ3BA0AK417460","austin",-97.76579,30.27634,0
"8","LCRA - Trade Center Dr",NA,"CE","GOOD",30,"GOOD","FHB 2832","FALSE","WMEEJ3BA9FK801907","austin",-97.71414,30.20749,0
"9","Willow Hill Dr 2529, 78741 Austin",NA,"CE","GOOD",24,"GOOD","FHB 0201","FALSE","WMEEJ3BA9FK802121","austin",-97.72498,30.23316,0
"10","One Texas Center",NA,"CE","GOOD",45,"GOOD","FHB 2825","FALSE","WMEEJ3BA4FK802818","austin",-97.74942,30.25811,0
"11","Alameda Dr 1410, 78704 Austin",NA,"CE","GOOD",57,"GOOD","CK9 T375","FALSE","WMEEJ3BA3AK416755","austin",-97.74254,30.2474,0
"12","The Retreat at Barton Creek - South Entrance",NA,"CE","GOOD",24,"GOOD","FBV 4471","FALSE","WMEEJ3BA1FK802551","austin",-97.79195,30.23759,0
"13","Treehouse - 2501 Wickersham Lane - 3 Spaces",NA,"CE","GOOD",54,"GOOD","FHB 1675","FALSE","WMEEJ3BA3FK803216","austin",-97.72465,30.22479,0
"14","E 5th St 1768, 78702 Austin",NA,"CE","GOOD",36,"GOOD","CK9 T306","FALSE","WMEEJ3BA1AK417872","austin",-97.72461,30.26145,0
"15","Treadwell St 1245, 78704 Austin",NA,"CE","GOOD",30,"GOOD","GGG 3720","FALSE","WMEEJ3BA4FK801474","austin",-97.76094,30.25579,0
"16","S Lamar Blvd 1213, 78704 Austin",NA,"CE","GOOD",96,"GOOD","CSG 1513","FALSE","WMEEJ3BAXEK736693","austin",-97.7623,30.2543,0
"17","Manor Cir 2535, 78723 Austin",NA,"CE","GOOD",54,"GOOD","DBW 2626","FALSE","WMEEJ3BA5EK748251","austin",-97.68801,30.29699,0
"18","W 9 1/2 St 1387, 78703 Austin",NA,"CE","GOOD",21,"GOOD","CK9 T286","FALSE","WMEEJ3BA4AK416926","austin",-97.75689,30.27643,0
"19","S Congress Ave 3801, 78704 Austin",NA,"CE","GOOD",30,"GOOD","CYL 4628","FALSE","WMEEJ3BA8EK748969","austin",-97.76217,30.22586,0
"20","One Highland Center",NA,"CE","GOOD",100,"GOOD","FGZ 8617","FALSE","WMEEJ3BA0FK802525","austin",-97.71164,30.32867,0
"21","E 30th St 806, 78705 Austin",NA,"CE","GOOD",36,"GOOD","FBV 4434","FALSE","WMEEJ3BAXFK799388","austin",-97.72937,30.29035,0
"22","Brushy St 644, 78702 Austin",NA,"CE","GOOD",72,"GOOD","FHB 2829","FALSE","WMEEJ3BA9FK802796","austin",-97.73347,30.2659,0
"23","Kirkwood Rd 1481, 78722 Austin",NA,"CE","GOOD",57,"GOOD","FGZ 8624","FALSE","WMEEJ3BA5FK802777","austin",-97.71465,30.29497,0
"24","Esperanza Xing 3030, 78758 Austin",NA,"CE","GOOD",84,"GOOD","FJD 0199","FALSE","WMEEJ3BA3FK802874","austin",-97.72159,30.3991,0
"25","Jones Rd 1957, 78745 Austin",NA,"CE","GOOD",100,"GOOD","CSG 1539","FALSE","WMEEJ3BA5EK734494","austin",-97.79366,30.22054,0
"26","Willow St 1967, 78702 Austin",NA,"CE","GOOD",27,"GOOD","FHB 2856","FALSE","WMEEJ3BA0FK801410","austin",-97.72414,30.25591,0
"27","E 7th St 379, 78701 Austin",NA,"CE","GOOD",39,"GOOD","FJD 0195","FALSE","WMEEJ3BA6FK801721","austin",-97.73924,30.26802,0
"28","LCRA - Trade Center Dr",NA,"CE","GOOD",90,"GOOD","CZS 9751","FALSE","WMEEJ3BA4EK748130","austin",-97.71414,30.20749,0
"29","Creekline Dr 5092, 78745 Austin",NA,"CE","GOOD",30,"GOOD","CK9 T309","FALSE","WMEEJ3BA6AK416698","austin",-97.77638,30.21223,0
"30","Cedar St 3752, 78705 Austin",NA,"CE","GOOD",96,"GOOD","FJD 0200","FALSE","WMEEJ3BA4FK802866","austin",-97.73488,30.30088,0
"31","Dean Keaton and Whitis",NA,"CE","GOOD",78,"GOOD","FBV 4354","FALSE","WMEEJ3BA2FK799496","austin",-97.74003,30.28978,0
"32","Campbell St 568, 78703 Austin",NA,"CE","GOOD",45,"GOOD","FBV 4378","FALSE","WMEEJ3BA3FK799197","austin",-97.76445,30.27558,0
"33","One Highland Center",NA,"CE","GOOD",63,"GOOD","FGZ 8802","FALSE","WMEEJ3BA5FK801502","austin",-97.71164,30.32867,0
"34","Rabb Rd 1937, 78704 Austin",NA,"CE","GOOD",18,"GOOD","FHB 2826","FALSE","WMEEJ3BAXFK802547","austin",-97.77724,30.2544,0
"35","Mill St 824, 78702 Austin",NA,"CE","GOOD",42,"GOOD","FHB 0204","FALSE","WMEEJ3BA1FK802193","austin",-97.71913,30.26303,0
"36","Pease Rd 1464, 78703 Austin",NA,"CE","GOOD",84,"GOOD","FBV 4468","FALSE","WMEEJ3BA2FK802378","austin",-97.75917,30.28288,0
"37","Capital Metro Downtown Station",NA,"CE","GOOD",39,"GOOD","CYL 4630","FALSE","WMEEJ3BA9EK749032","austin",-97.73939,30.26512,0
"38","Campbell St 551, 78703 Austin",NA,"CE","GOOD",100,"GOOD","FHB 2865","FALSE","WMEEJ3BA3FK802468","austin",-97.76445,30.27532,0
"39","E 5th St 249, 78701 Austin",NA,"CE","GOOD",100,"GOOD","FBV 4440","FALSE","WMEEJ3BAXFK799245","austin",-97.7413,30.2666,0
"40","Stephen F Austin Dr, 78703 Austin",NA,"CE","GOOD",60,"GOOD","CZT 0999","FALSE","WMEEJ3BA4EK748886","austin",-97.77,30.27447,0
"41","Grove Blvd 1219, 78741 Austin",NA,"CE","GOOD",87,"GOOD","DBW 2627","FALSE","WMEEJ3BA3EK748698","austin",-97.70478,30.23416,0
"42","Hillside Villas Apartments 1",NA,"CE","GOOD",90,"GOOD","FBV 4358","FALSE","WMEEJ3BA2FK798395","austin",-97.72129,30.22831,0
"43","Lakeshore Blvd S 1741, 78741 Austin",NA,"CE","GOOD",42,"GOOD","FGZ 8629","FALSE","WMEEJ3BA9FK802300","austin",-97.72922,30.24488,0
"44","Southridge Dr 3764, 78704 Austin",NA,"CE","GOOD",36,"GOOD","FHB 0200","FALSE","WMEEJ3BA7FK801825","austin",-97.77738,30.23226,0
"45","Willow St 2767, 78702 Austin",NA,"CE","UNACCEPTABLE",81,"GOOD","FGZ 8680","FALSE","WMEEJ3BA5FK802696","austin",-97.71358,30.25235,0
"46","Onion St 640, 78702 Austin",NA,"CE","GOOD",57,"GOOD","FBV 4494","FALSE","WMEEJ3BA3FK802311","austin",-97.72729,30.26378,0
"47","Mariposa Dr 1735, 78741 Austin",NA,"CE","UNACCEPTABLE",100,"GOOD","CK9 T285","FALSE","WMEEJ3BA6AK417916","austin",-97.73641,30.2359,0
"48","Valeria St 1717, 78704 Austin",NA,"CE","GOOD",36,"GOOD","FJC 9952","FALSE","WMEEJ3BA8FK802739","austin",-97.77125,30.24989,0
"49","Lavaca St 622, 78701 Austin",NA,"CE","GOOD",48,"GOOD","CSF 9074","FALSE","WMEEJ3BA8EK732979","austin",-97.74509,30.26892,0
"50","Woodbury Dr 3922, 78704 Austin",NA,"CE","GOOD",54,"GOOD","FBV 4425","FALSE","WMEEJ3BAXFK799584","austin",-97.76058,30.22351,0
"51","The Connection",NA,"CE","GOOD",69,"GOOD","CSF 9065","FALSE","WMEEJ3BA0EK734533","austin",-97.72642,30.22726,0
"52","W 6th St 1887, 78703 Austin",NA,"CE","GOOD",72,"GOOD","CSF 9067","FALSE","WMEEJ3BA5EK734835","austin",-97.76629,30.27636,0
"53","Nueces St 2348, 78705 Austin",NA,"CE","GOOD",75,"GOOD","CZT 0915","FALSE","WMEEJ3BA5EK748606","austin",-97.74375,30.28725,0
"54","Timbercreek Apartments",NA,"CE","GOOD",27,"GOOD","FBV 4474","FALSE","WMEEJ3BA1FK802940","austin",-97.75159,30.25617,0
"55","One Highland Center",NA,"CE","UNACCEPTABLE",100,"GOOD","CSF 8920","FALSE","WMEEJ3BA8EK733792","austin",-97.71164,30.32867,0
"56","Crestview Station",NA,"CE","GOOD",93,"GOOD","CZT 0993","FALSE","WMEEJ3BA6EK748081","austin",-97.71947,30.33886,0
"57","Willow Hill Dr 2523, 78741 Austin",NA,"CE","GOOD",100,"GOOD","FHB 2844","FALSE","WMEEJ3BA0FK801990","austin",-97.72506,30.23319,0
"58","Webberville Rd 2256, 78702 Austin",NA,"CE","GOOD",69,"GOOD","FJC 9928","FALSE","WMEEJ3BA6FK801251","austin",-97.7163,30.26199,0
"59","Nueces St 1561, 78701 Austin",NA,"CE","GOOD",87,"GOOD","FGZ 8681","FALSE","WMEEJ3BA2FK802719","austin",-97.74484,30.27911,0
"60","Oltorf St W 1291, 78704 Austin",NA,"CE","GOOD",39,"GOOD","CZS 9747","FALSE","WMEEJ3BA1EK748201","austin",-97.76931,30.24551,0
"61","Upson St 610, 78703 Austin",NA,"CE","GOOD",54,"GOOD","FHB 1680","FALSE","WMEEJ3BA6FK802237","austin",-97.77066,30.27878,0
"62","Sunny Ln 500, 78704 Austin",NA,"CE","GOOD",54,"GOOD","FGZ 8685","FALSE","WMEEJ3BA1FK803165","austin",-97.74347,30.25255,0
"63","Sterzing St 430, 78704 Austin",NA,"CE","GOOD",63,"GOOD","CZT 1030","FALSE","WMEEJ3BA9EK748219","austin",-97.7632,30.26453,0
"64","Festival Beach Rd 1356, 78702 Austin",NA,"CE","GOOD",100,"GOOD","CYL 4640","FALSE","WMEEJ3BA8EK748731","austin",-97.73385,30.25285,0
"65","Trailside Dr 2222, 78704 Austin",NA,"CE","GOOD",78,"GOOD","CSF 9196","FALSE","WMEEJ3BAXEK733812","austin",-97.77246,30.25952,0
"66","E 51st St 1755, 78723 Austin",NA,"CE","GOOD",51,"GOOD","FGZ 8626","FALSE","WMEEJ3BA6FK802495","austin",-97.69994,30.30188,0
"67","Spyglass Dr 1783, 78746 Austin",NA,"CE","GOOD",72,"GOOD","CSF 9200","FALSE","WMEEJ3BA4EK734941","austin",-97.79079,30.2585,0
"68","San Antonio St 772, 78701 Austin",NA,"CE","GOOD",63,"GOOD","FHB 2867","FALSE","WMEEJ3BA3FK802535","austin",-97.74681,30.27101,0
"69","The Parking Spot",NA,"CE","GOOD",100,"GOOD","FBV 4432","FALSE","WMEEJ3BA2FK799417","austin",-97.67598,30.22049,0
"70","The Parking Spot",NA,"CE","GOOD",100,"GOOD","CSG 2237","FALSE","WMEEJ3BA0EK736105","austin",-97.67598,30.22049,0
"71","Milton St W 283, 78704 Austin",NA,"CE","GOOD",48,"GOOD","FHB 2864","FALSE","WMEEJ3BA4FK802351","austin",-97.75267,30.24758,0
"72","East Ave 98, 78701 Austin",NA,"CE","GOOD",48,"GOOD","FBV 4376","FALSE","WMEEJ3BA9FK800031","austin",-97.7369,30.26097,0
"73","Newning Ave 1329, 78704 Austin",NA,"CE","GOOD",81,"GOOD","CSF 8924","FALSE","WMEEJ3BA1EK733228","austin",-97.74378,30.25003,0
"74","The Parking Spot",NA,"CE","GOOD",100,"GOOD","CK9 T304","FALSE","WMEEJ3BA8AK417836","austin",-97.67598,30.22049,0
"75","E 13th St 339, 78701 Austin",NA,"CE","GOOD",78,"GOOD","FGZ 8616","FALSE","WMEEJ3BA3FK802406","austin",-97.73738,30.27426,0
"76","Hardrock Canyon Apartments",NA,"CE","GOOD",100,"GOOD","FGZ 9138","FALSE","WMEEJ3BA5FK803136","austin",-97.75122,30.39674,0
"77","Ragsdale St 1431, 78723 Austin",NA,"CE","GOOD",54,"GOOD","CSG 1544","FALSE","WMEEJ3BA6EK734861","austin",-97.70808,30.2997,0
"78","E Oltorf St 1720, 78741 Austin",NA,"CE","GOOD",57,"GOOD","CK9 T262","FALSE","WMEEJ3BA1AK418066","austin",-97.73791,30.23297,0
"79","W 10th St 1819, 78703 Austin",NA,"CE","GOOD",63,"GOOD","FJD 0196","FALSE","WMEEJ3BA9FK800532","austin",-97.76493,30.28145,0
"80","The Parking Spot",NA,"CE","GOOD",100,"GOOD","FBV 4476","FALSE","WMEEJ3BA3FK802826","austin",-97.67598,30.22049,0
"81","Willow Creek Dr 1962, 78741 Austin",NA,"CE","GOOD",93,"GOOD","FHB 2869","FALSE","WMEEJ3BAXFK802600","austin",-97.72878,30.23334,0
"82","W 3rd St 847, 78701 Austin",NA,"CE","GOOD",36,"GOOD","FHB 2828","FALSE","WMEEJ3BA6FK802772","austin",-97.75263,30.26801,0
"83","The Parking Spot",NA,"CE","GOOD",36,"GOOD","CSF 9060","FALSE","WMEEJ3BA8EK732917","austin",-97.67598,30.22049,0
"84","Robinson Ave 3186, 78722 Austin",NA,"CE","GOOD",69,"GOOD","FJC 9787","FALSE","WMEEJ3BA7FK802439","austin",-97.7218,30.28898,0
"85","River St 731, 78701 Austin",NA,"CE","GOOD",90,"GOOD","FJC 9785","FALSE","WMEEJ3BA3FK802518","austin",-97.73884,30.25756,0
"86","Willowrun Dr 3416, 78704 Austin",NA,"CE","GOOD",51,"GOOD","CZS 9750","FALSE","WMEEJ3BA7EK748543","austin",-97.75537,30.226,0
"87","Angelina St 1156, 78702 Austin",NA,"CE","GOOD",93,"GOOD","CZT 0933","FALSE","WMEEJ3BAXEK748410","austin",-97.72443,30.26931,0
"88","The Parking Spot",NA,"CE","GOOD",100,"GOOD","FBV 4390","FALSE","WMEEJ3BA1FK799294","austin",-97.67598,30.22049,0
"89","Sylvan Dr 1775, 78741 Austin",NA,"CE","GOOD",100,"GOOD","FBV 4384","FALSE","WMEEJ3BA8FK799440","austin",-97.73319,30.23881,0
"90","Willow Springs Rd 3541, 78704 Austin",NA,"CE","GOOD",45,"GOOD","FBV 4394","FALSE","WMEEJ3BAXFK799231","austin",-97.75673,30.22607,0
"91","3rd St S 563, 78704 Austin",NA,"CE","GOOD",45,"GOOD","DSH 6620","FALSE","WMEEJ3BA8EK748745","austin",-97.75264,30.25763,0
"92","Esperanza Xing 3283, 78758 Austin",NA,"CE","GOOD",100,"GOOD","FHB 1678","FALSE","WMEEJ3BA9FK802457","austin",-97.72482,30.40004,0
"93","Brazos St 569, 78701 Austin",NA,"CE","GOOD",15,"GOOD","FBV 4395","FALSE","WMEEJ3BA9FK799219","austin",-97.74149,30.26744,0
"94","Crestview Station",NA,"CE","GOOD",42,"GOOD","CZT 0923","FALSE","WMEEJ3BA1EK748313","austin",-97.71947,30.33886,0
"95","Stassney Woods - 1800 E Stassney Lane - 2 Spaces",NA,"CE","GOOD",45,"GOOD","CSG 1521","FALSE","WMEEJ3BA3EK735465","austin",-97.76107,30.19734,0
"96","Stark St 817, 78756 Austin",NA,"CE","GOOD",100,"GOOD","FHB 1677","FALSE","WMEEJ3BA0FK802461","austin",-97.72695,30.32568,0
"97","Nueces St 2733, 78705 Austin",NA,"CE","GOOD",36,"GOOD","CK9 T283","FALSE","WMEEJ3BA3AK417209","austin",-97.74265,30.29242,0
"98","Pease Rd 1638, 78703 Austin",NA,"CE","GOOD",100,"GOOD","FGZ 8805","FALSE","WMEEJ3BA7FK800304","austin",-97.75861,30.28451,0
"99","Capital Metro Downtown Station",NA,"CE","GOOD",48,"GOOD","FHB 1335","FALSE","WMEEJ3BAXFK800510","austin",-97.73939,30.26512,0
"100","Navasota St 738, 78702 Austin",NA,"CE","GOOD",66,"GOOD","CSF 9071","FALSE","WMEEJ3BAXEK734569","austin",-97.72792,30.26498,0
"101","E 6th St and Brazos St",NA,"CE","GOOD",54,"GOOD","FJC 9783","FALSE","WMEEJ3BA3FK802678","austin",-97.74129,30.26805,0
"102","Shore District Dr 1436, 78741 Austin",NA,"CE","GOOD",66,"GOOD","FJC 9789","FALSE","WMEEJ3BAXFK802211","austin",-97.72824,30.24355,0
"103","Willowrun Dr 3464, 78704 Austin",NA,"CE","UNACCEPTABLE",51,"UNACCEPTABLE","CK9 T281","FALSE","WMEEJ3BA4AK417428","austin",-97.75392,30.22527,0
"104","Post Oak St 1199, 78704 Austin",NA,"CE","GOOD",100,"GOOD","FGZ 8682","FALSE","WMEEJ3BA2FK802896","austin",-97.75737,30.25912,0
"105","Adam L Chapa Sr St 142, 78702 Austin",NA,"CE","GOOD",66,"GOOD","CSF 8927","FALSE","WMEEJ3BA1EK734332","austin",-97.72349,30.2572,0
"106","Riverside Farms Rd 2376, 78741 Austin",NA,"CE","GOOD",100,"GOOD","FHB 0203","FALSE","WMEEJ3BA6FK802268","austin",-97.71792,30.22488,0
"107","Crestview Station",NA,"CE","GOOD",96,"GOOD","CSG 1520","FALSE","WMEEJ3BA2EK735456","austin",-97.71947,30.33886,0
"108","Maple Ave 2148, 78722 Austin",NA,"CE","GOOD",60,"GOOD","CZS 9748","FALSE","WMEEJ3BA4EK748175","austin",-97.71677,30.28316,0
"109","Comal St 518, 78702 Austin",NA,"CE","GOOD",100,"GOOD","FHB 1679","FALSE","WMEEJ3BA9FK802278","austin",-97.72684,30.26233,0
"110","Red River St 621, 78701 Austin",NA,"CE","GOOD",60,"GOOD","CZT 0920","FALSE","WMEEJ3BA2EK748904","austin",-97.73691,30.26706,0
"111","E 6th St 647, 78701 Austin",NA,"CE","UNACCEPTABLE",100,"UNACCEPTABLE","CZS 9753","FALSE","WMEEJ3BAXEK748066","austin",-97.73669,30.26636,0
"112","Mary St W 506, 78704 Austin",NA,"CE","UNACCEPTABLE",48,"UNACCEPTABLE","FBV 4386","FALSE","WMEEJ3BA9FK799544","austin",-97.75546,30.24639,0
"113","San Antonio St 2472, 78705 Austin",NA,"CE","GOOD",90,"GOOD","FGZ 8688","FALSE","WMEEJ3BA6FK802707","austin",-97.74231,30.2889,0
"114","Prather Ln 2379, 78704 Austin",NA,"CE","GOOD",81,"GOOD","CSF 8932","FALSE","WMEEJ3BA5EK734785","austin",-97.78987,30.23552,0
"115","Elmont Dr 2220, 78741 Austin",NA,"CE","GOOD",69,"GOOD","FGZ 8623","FALSE","WMEEJ3BA4FK802835","austin",-97.72367,30.24224,0
"116","Windsor Rd 1706, 78703 Austin",NA,"CE","GOOD",27,"GOOD","FHB 1327","FALSE","WMEEJ3BAXFK801754","austin",-97.75542,30.28332,0
"117","E 22nd St 2036, 78722 Austin",NA,"CE","GOOD",15,"GOOD","FJC 9598","FALSE","WMEEJ3BA6FK801797","austin",-97.72055,30.28307,0
"118","San Antonio St 664, 78701 Austin",NA,"CE","GOOD",45,"GOOD","FHB 2847","FALSE","WMEEJ3BA4FK802009","austin",-97.74718,30.26997,0
"119","Colorado St 571, 78701 Austin",NA,"CE","GOOD",100,"GOOD","CSF 9068","FALSE","WMEEJ3BA0EK733706","austin",-97.74417,30.26819,0
"120","W 34th St 703, 78705 Austin",NA,"CE","GOOD",90,"GOOD","CZT 1032","FALSE","WMEEJ3BA3EK748295","austin",-97.74152,30.30116,0
"121","East Ave 52, 78701 Austin",NA,"CE","GOOD",96,"GOOD","FBV 6124","FALSE","WMEEJ3BA2FK799028","austin",-97.73844,30.25681,0
"122","San Jacinto Blvd 1814, 78701 Austin",NA,"CE","GOOD",57,"GOOD","FBV 4381","FALSE","WMEEJ3BA6FK799310","austin",-97.7358,30.27972,0
"123","LCRA - Trade Center Dr",NA,"CE","GOOD",100,"GOOD","FHB 0202","FALSE","WMEEJ3BA6FK802271","austin",-97.71414,30.20749,0
"124","Manor Rd 4602, 78723 Austin",NA,"CE","GOOD",39,"GOOD","FHB 2831","FALSE","WMEEJ3BA9FK801051","austin",-97.68945,30.29267,0
"125","Westchester Ave 3514, 78759 Austin",NA,"CE","GOOD",100,"GOOD","FBV 4355","FALSE","WMEEJ3BA5FK798990","austin",-97.74409,30.36488,0
"126","W 22 1/2 St 882, 78705 Austin",NA,"CE","GOOD",36,"GOOD","FBV 4365","FALSE","WMEEJ3BA2FK799675","austin",-97.74626,30.2863,0
"127","E 7th St 703, 78701 Austin",NA,"CE","GOOD",48,"GOOD","FJC 9788","FALSE","WMEEJ3BA6FK802318","austin",-97.73567,30.26703,0
"128","Chalmers Ave 638, 78702 Austin",NA,"CE","GOOD",24,"GOOD","FJD 0198","FALSE","WMEEJ3BA8FK802899","austin",-97.72438,30.26274,0
"129","E 51st St 1757, 78723 Austin",NA,"CE","GOOD",75,"GOOD","FBV 4379","FALSE","WMEEJ3BA7FK799235","austin",-97.70066,30.30126,0
"130","W 5th St 143, 78701 Austin",NA,"CE","GOOD",100,"GOOD","CSF 9063","FALSE","WMEEJ3BA4EK733319","austin",-97.7437,30.26734,0
"131","W 31 1/2 St 667, 78705 Austin",NA,"CE","GOOD",100,"GOOD","FHB 2866","FALSE","WMEEJ3BAXFK802502","austin",-97.7421,30.29878,0
"132","S Mo-Pac Expy, 78746 Austin",NA,"CE","GOOD",63,"GOOD","FJC 9925","FALSE","WMEEJ3BAXFK800989","austin",-97.77258,30.2721,0
"133","Hardrock Canyon Apartments",NA,"CE","GOOD",93,"GOOD","CK9 T277","FALSE","WMEEJ3BA3AK416772","austin",-97.75122,30.39674,0
"134","W 3rd St 843, 78701 Austin",NA,"CE","GOOD",96,"GOOD","CZT 0998","FALSE","WMEEJ3BA3EK748071","austin",-97.75251,30.26798,0
"135","Cromwell Cir 2214, 78741 Austin",NA,"CE","GOOD",24,"GOOD","FJD 0197","FALSE","WMEEJ3BA2FK803045","austin",-97.7207,30.23039,0
"136","W 5th St 1790, 78703 Austin",NA,"CE","UNACCEPTABLE",100,"UNACCEPTABLE","CSG 1100","FALSE","WMEEJ3BA1EK733682","austin",-97.76631,30.27618,0
"137","Caney St 232, 78702 Austin",NA,"CE","GOOD",100,"GOOD","CZT 0934","FALSE","WMEEJ3BA9EK749595","austin",-97.72119,30.25731,0
"138","Penick Dr 5767, 78741 Austin",NA,"CE","GOOD",30,"GOOD","FJC 9791","FALSE","WMEEJ3BA0FK802055","austin",-97.70882,30.22871,0
"139","The Parking Spot",NA,"CE","GOOD",45,"GOOD","FHB 2835","FALSE","WMEEJ3BA7FK802103","austin",-97.67598,30.22049,0
"140","S Pleasant Valley Rd 2307, 78741 Austin",NA,"CE","GOOD",36,"GOOD","FBV 4477","FALSE","WMEEJ3BA3FK803068","austin",-97.72569,30.22985,0
"141","Travis Heights Blvd 2114, 78704 Austin",NA,"CE","GOOD",100,"GOOD","FHB 2857","FALSE","WMEEJ3BA5FK801418","austin",-97.74488,30.23878,0
"142","W 9th St 2359, 78703 Austin",NA,"CE","GOOD",30,"GOOD","FBV 4363","FALSE","WMEEJ3BA4FK799595","austin",-97.7714,30.28294,0
"143","Chalmers Ave 612, 78702 Austin",NA,"CE","GOOD",100,"GOOD","FFD 7794","FALSE","WMEEJ3BA9FK801650","austin",-97.72442,30.26251,0
"144","The Parking Spot",NA,"CE","GOOD",39,"GOOD","FTD 8882","FALSE","WMEEJ3BA2FK802980","austin",-97.67598,30.22049,0
"145","Veterans Dr 2259, 78703 Austin",NA,"CE","GOOD",57,"GOOD","FJC 9934","FALSE","WMEEJ3BA2FK801568","austin",-97.7722,30.27694,0
"146","St Elmo Rd W 288, 78745 Austin",NA,"CE","GOOD",66,"GOOD","CSF 9195","FALSE","WMEEJ3BA4EK734809","austin",-97.76948,30.21949,0
"147","E 13th St 1974, 78702 Austin",NA,"CE","UNACCEPTABLE",100,"UNACCEPTABLE","CSF 8931","FALSE","WMEEJ3BA9EK733784","austin",-97.71937,30.27488,0
"148","Navasota St 528, 78702 Austin",NA,"CE","GOOD",69,"GOOD","FHB 1336","FALSE","WMEEJ3BA0FK800404","austin",-97.72873,30.26312,0
"149","Highland Business Center",NA,"CE","UNACCEPTABLE",72,"GOOD","FBV 4493","FALSE","WMEEJ3BA7FK802330","austin",-97.71203,30.32424,0
"150","Fairlawn Ln 1830, 78704 Austin",NA,"CE","GOOD",100,"GOOD","FBV 4385","FALSE","WMEEJ3BA6FK799470","austin",-97.73963,30.24086,0
"151","One Texas Center",NA,"CE","GOOD",21,"GOOD","FBV 4389","FALSE","WMEEJ3BA0FK799335","austin",-97.74942,30.25811,0
"152","Poquito St 2212, 78722 Austin",NA,"CE","GOOD",54,"GOOD","FHB 2861","FALSE","WMEEJ3BA5FK800771","austin",-97.72096,30.28307,0
"153","Pinckney St 4055, 78723 Austin",NA,"CE","GOOD",100,"GOOD","FBV 4435","FALSE","WMEEJ3BA5FK799380","austin",-97.7031,30.29253,0
"154","Comal St 1106, 78702 Austin",NA,"CE","GOOD",30,"GOOD","FBV 4367","FALSE","WMEEJ3BA4FK799757","austin",-97.72447,30.27032,0
"155","W 6th St 539, 78701 Austin",NA,"CE","GOOD",51,"GOOD","CZT 0936","FALSE","WMEEJ3BAXEK748911","austin",-97.74776,30.26941,0
"156","Mueller Blvd 4638, 78723 Austin",NA,"CE","GOOD",100,"GOOD","CSF 9197","FALSE","WMEEJ3BA8EK734506","austin",-97.70697,30.29949,0
"157","E 8th St 1603, 78702 Austin",NA,"CE","GOOD",84,"GOOD","FHB 2846","FALSE","WMEEJ3BA0FK801939","austin",-97.72549,30.26473,0
"158","Woodbury Dr 3788, 78704 Austin",NA,"CE","GOOD",100,"GOOD","FGZ 8628","FALSE","WMEEJ3BA8FK802370","austin",-97.75994,30.22489,0
"159","E 5th St 843, 78702 Austin",NA,"CE","GOOD",90,"GOOD","FBV 4433","FALSE","WMEEJ3BAXFK799391","austin",-97.73422,30.26467,0
"160","Little John Ln 2506, 78704 Austin",NA,"CE","GOOD",21,"GOOD","FBV 4377","FALSE","WMEEJ3BA6FK800035","austin",-97.74874,30.23504,0
"161","E 6th St 1039, 78702 Austin",NA,"CE","UNACCEPTABLE",72,"UNACCEPTABLE","FJC 9790","FALSE","WMEEJ3BA5FK802066","austin",-97.73213,30.26491,0
"162","Dean Keaton and Whitis",NA,"CE","GOOD",15,"GOOD","FHB 1333","FALSE","WMEEJ3BA6FK800603","austin",-97.74003,30.28978,0
"163","Rosedale Ave 3918, 78756 Austin",NA,"CE","GOOD",48,"GOOD","FHB 2834","FALSE","WMEEJ3BA5FK802021","austin",-97.74653,30.30949,0
"164","Adam L Chapa Sr St 156, 78702 Austin",NA,"CE","GOOD",87,"GOOD","CZS 9752","FALSE","WMEEJ3BA3EK748958","austin",-97.72345,30.25729,0
"165","E 5th St 703, 78701 Austin",NA,"CE","GOOD",75,"GOOD","FHB 0205","FALSE","WMEEJ3BA9FK802183","austin",-97.73633,30.2652,0
"166","Comal St 662, 78702 Austin",NA,"CE","GOOD",42,"GOOD","FJC 9935","FALSE","WMEEJ3BAXFK801690","austin",-97.7263,30.26366,0
"167","Angelina St 1124, 78702 Austin",NA,"CE","GOOD",90,"GOOD","CZS 9754","FALSE","WMEEJ3BA0EK748061","austin",-97.72456,30.26824,0
"168","The Parking Spot",NA,"CE","UNACCEPTABLE",60,"GOOD","CSG 1540","FALSE","WMEEJ3BA8EK733842","austin",-97.67598,30.22049,0
"169","E 4th St 453, 78701 Austin",NA,"CE","GOOD",75,"GOOD","FBV 4437","FALSE","WMEEJ3BA9FK799298","austin",-97.73945,30.26509,0
"170","Sylvan Dr 1618, 78741 Austin",NA,"CE","GOOD",100,"GOOD","FJC 9936","FALSE","WMEEJ3BA2FK801781","austin",-97.73562,30.24053,0
"171","Chicon St 160, 78702 Austin",NA,"CE","GOOD",54,"GOOD","FHB 0245","FALSE","WMEEJ3BA6FK800908","austin",-97.72432,30.25771,0
"172","Red River St 2415, 78705 Austin",NA,"CE","GOOD",66,"GOOD","FJC 9779","FALSE","WMEEJ3BA0FK802847","austin",-97.72743,30.28531,0
"173","One Texas Center",NA,"CE","GOOD",18,"GOOD","FHB 2845","FALSE","WMEEJ3BA4FK801863","austin",-97.74942,30.25811,0
"174","Kingsbury St 1104, 78703 Austin",NA,"CE","GOOD",30,"UNACCEPTABLE","CSF 8923","FALSE","WMEEJ3BA0EK734600","austin",-97.75148,30.28093,0
"175","Webberville Rd 2422, 78702 Austin",NA,"CE","GOOD",75,"GOOD","FGZ 8812","FALSE","WMEEJ3BA9FK802345","austin",-97.71418,30.26308,0
"176","The Parking Spot",NA,"CE","GOOD",100,"GOOD","FBV 4422","FALSE","WMEEJ3BA5FK799802","austin",-97.67598,30.22049,0
"177","Kingsbury St 1221, 78703 Austin",NA,"CE","GOOD",100,"GOOD","FBV 4439","FALSE","WMEEJ3BA8FK799261","austin",-97.75252,30.28128,0
"178","Travis Heights Blvd 2075, 78704 Austin",NA,"CE","GOOD",54,"GOOD","FHB 2862","FALSE","WMEEJ3BA1FK802274","austin",-97.74449,30.23917,0
"179","Patterson Ave 662, 78703 Austin",NA,"CE","GOOD",60,"GOOD","FJC 9929","FALSE","WMEEJ3BA0FK801293","austin",-97.76603,30.27735,0
"180","Angelina St 1104, 78702 Austin",NA,"CE","GOOD",63,"GOOD","FGZ 8813","FALSE","WMEEJ3BA8FK802417","austin",-97.72483,30.26774,0
"181","San Jacinto Blvd 1228, 78701 Austin",NA,"CE","GOOD",100,"GOOD","CK9 T255","FALSE","WMEEJ3BA2AK417878","austin",-97.73813,30.27373,0
"182","Kirkwood Rd 1515, 78722 Austin",NA,"CE","GOOD",30,"GOOD","FFD 6224","FALSE","WMEEJ3BA6FK801606","austin",-97.71422,30.29476,0
"183","Stark St 803, 78756 Austin",NA,"CE","UNACCEPTABLE",15,"UNACCEPTABLE","FHB 2858","FALSE","WMEEJ3BA3FK801966","austin",-97.72684,30.32565,0
"184","Burton Dr 2094, 78741 Austin",NA,"CE","GOOD",96,"GOOD","FBV 4359","FALSE","WMEEJ3BA2FK799871","austin",-97.7331,30.23287,0
"185","Pruett St 2357, 78703 Austin",NA,"CE","GOOD",96,"GOOD","FGZ 8803","FALSE","WMEEJ3BA5FK801483","austin",-97.77217,30.28156,0
"186","Easy Wind Dr, 78752 Austin",NA,"CE","GOOD",36,"GOOD","FHB 0246","FALSE","WMEEJ3BA4FK802043","austin",-97.71855,30.33956,0
"187","Garden Villa Ln 3764, 78704 Austin",NA,"CE","GOOD",84,"GOOD","CSG 1099","FALSE","WMEEJ3BA5EK749142","austin",-97.77309,30.23102,0
"188","Nelray Blvd 531, 78751 Austin",NA,"CE","GOOD",96,"GOOD","CZT 1026","FALSE","WMEEJ3BA8EK748230","austin",-97.72522,30.32146,0
"189","Crossing Pl, 78741 Austin",NA,"CE","GOOD",57,"GOOD","FHB 2860","FALSE","WMEEJ3BA3FK802079","austin",-97.71133,30.24052,0
"190","Pedernales St 86, 78702 Austin",NA,"CE","GOOD",66,"GOOD","FHB 2863","FALSE","WMEEJ3BA3FK802325","austin",-97.71731,30.25326,0
"191","Timbercreek Apartments",NA,"CE","GOOD",42,"GOOD","FFD 7840","FALSE","WMEEJ3BA2FK803210","austin",-97.75159,30.25617,0
"192","E 2nd St 1982, 78702 Austin",NA,"CE","GOOD",84,"GOOD","FBV 4364","FALSE","WMEEJ3BA5FK799606","austin",-97.72332,30.25776,0
"193","E 6th St 663, 78701 Austin",NA,"CE","GOOD",96,"GOOD","CYL 4629","FALSE","WMEEJ3BA6EK748789","austin",-97.73652,30.26628,0
"194","Wickersham Ln 2213, 78741 Austin",NA,"CE","GOOD",36,"GOOD","FHB 2827","FALSE","WMEEJ3BA9FK802670","austin",-97.72119,30.22967,0
"195","Brittany Blvd 1899, 78745 Austin",NA,"CE","GOOD",51,"GOOD","CSF 9191","FALSE","WMEEJ3BA5EK734706","austin",-97.79551,30.21606,0
"196","Campbell St 544, 78703 Austin",NA,"CE","GOOD",24,"GOOD","FGZ 8800","FALSE","WMEEJ3BA1FK801576","austin",-97.7645,30.27529,0
"197","Gibson St W 1143, 78704 Austin",NA,"CE","GOOD",24,"GOOD","FBV 4487","FALSE","WMEEJ3BA8FK803020","austin",-97.76145,30.25456,0
"198","Stark St 811, 78756 Austin",NA,"CE","GOOD",78,"GOOD","FBV 4423","FALSE","WMEEJ3BA5FK799685","austin",-97.72725,30.32585,0
"199","Medina St 628, 78702 Austin",NA,"CE","GOOD",100,"GOOD","FGZ 8678","FALSE","WMEEJ3BA7FK802036","austin",-97.73141,30.26505,0
"200","Longview St 2538, 78705 Austin",NA,"CE","GOOD",100,"GOOD","FBV 4369","FALSE","WMEEJ3BA7FK799204","austin",-97.75064,30.29037,0
"201","Humming Bird Ln 5576, 78745 Austin",NA,"CE","GOOD",69,"GOOD","FGZ 8846","FALSE","WMEEJ3BA4FK802883","austin",-97.77846,30.20737,0
"202","Capitol Metro Headquarters",NA,"CE","GOOD",33,"GOOD","FBV 4436","FALSE","WMEEJ3BA9FK799317","austin",-97.7099,30.25625,0
"203","Garden St 2057, 78702 Austin",NA,"CE","GOOD",57,"GOOD","FBV 4429","FALSE","WMEEJ3BA3FK799474","austin",-97.7238,30.25364,0
"204","The Canopy",NA,"CE","GOOD",51,"GOOD","FBV 4360","FALSE","WMEEJ3BA0FK799920","austin",-97.69811,30.26199,0
"205","E 3rd St 648, 78701 Austin",NA,"CE","GOOD",57,"GOOD","CZT 0935","FALSE","WMEEJ3BAXEK748343","austin",-97.73756,30.26355,0
"206","Shore District Dr 1386, 78741 Austin",NA,"CE","GOOD",93,"GOOD","FBV 4368","FALSE","WMEEJ3BA8FK799213","austin",-97.72749,30.24371,0
"207","Manor Rd 2370, 78722 Austin",NA,"CE","GOOD",42,"GOOD","CSG 1543","FALSE","WMEEJ3BA7EK734643","austin",-97.7173,30.28482,0
"208","Simond Ave 1909, 78723 Austin",NA,"CE","GOOD",15,"GOOD","FGZ 8810","FALSE","WMEEJ3BAXFK802189","austin",-97.70435,30.29689,0
"209","Annie St W 447, 78704 Austin",NA,"CE","GOOD",93,"GOOD","CSF 9064","FALSE","WMEEJ3BA2EK733819","austin",-97.7545,30.247,0
"210","Hill Wood Dr 891, 78745 Austin",NA,"CE","GOOD",12,"GOOD","CSF 8925","FALSE","WMEEJ3BA6EK735329","austin",-97.78142,30.21592,0
"211","E 10th St 357, 78701 Austin",NA,"CE","GOOD",100,"GOOD","CSF 8929","FALSE","WMEEJ3BA9EK733333","austin",-97.73842,30.2709,0
"212","S 2nd St 1152, 78704 Austin",NA,"CE","GOOD",93,"GOOD","FBV 4393","FALSE","WMEEJ3BA2FK799241","austin",-97.75427,30.25353,0
"213","The Canopy",NA,"CE","GOOD",57,"GOOD","FHB 2839","FALSE","WMEEJ3BA0FK801603","austin",-97.69811,30.26199,0
"214","Town Lake Cir 2381, 78741 Austin",NA,"CE","GOOD",45,"GOOD","FHB 2841","FALSE","WMEEJ3BA3FK800946","austin",-97.72317,30.23896,0
"215","Powell St 550, 78703 Austin",NA,"CE","GOOD",75,"GOOD","FHB 2870","FALSE","WMEEJ3BA0FK802654","austin",-97.76231,30.27406,0
"216","E Oltorf St 4944, 78741 Austin",NA,"CE","UNACCEPTABLE",36,"UNACCEPTABLE","CSG 2238","FALSE","WMEEJ3BA1EK734993","austin",-97.7215,30.223,0
"217","Timbercreek Apartments",NA,"CE","GOOD",72,"GOOD","CSF 9066","FALSE","WMEEJ3BA9EK733235","austin",-97.75159,30.25617,0
"218","Stassney Woods - 1800 E Stassney Lane - 2 Spaces",NA,"CE","GOOD",100,"GOOD","FBV 4467","FALSE","WMEEJ3BA7FK801727","austin",-97.76107,30.19734,0
"219","Lamar Square Dr 1352, 78704 Austin",NA,"CE","GOOD",63,"GOOD","CZT 0995","FALSE","WMEEJ3BA8EK748163","austin",-97.76461,30.25442,0
"220","Angelina St 1158, 78702 Austin",NA,"CE","GOOD",45,"GOOD","CZT 0922","FALSE","WMEEJ3BA0EK748416","austin",-97.72449,30.26954,0
"221","West Anderson Plaza",NA,"CE","GOOD",78,"GOOD","FHB 1329","FALSE","WMEEJ3BA6FK801671","austin",-97.73253,30.35717,0
"222","Woodrow Ave 5774, 78756 Austin",NA,"CE","GOOD",100,"GOOD","FHB 2843","FALSE","WMEEJ3BA3FK801840","austin",-97.73237,30.32971,0
"223","Alvin, 78703 Austin",NA,"CE","GOOD",66,"GOOD","FBV 4427","FALSE","WMEEJ3BA0FK799514","austin",-97.77453,30.27954,0
"224","Robbins Pl 1972, 78705 Austin",NA,"CE","GOOD",66,"GOOD","CZT 1029","FALSE","WMEEJ3BA8EK748373","austin",-97.74937,30.28513,0
"225","Glendale Pl 2176, 78704 Austin",NA,"CE","UNACCEPTABLE",100,"UNACCEPTABLE","FHB 2854","FALSE","WMEEJ3BA4FK800020","austin",-97.74336,30.23686,0
"226","Lambie St 727, 78701 Austin",NA,"CE","GOOD",45,"GOOD","FBV 4492","FALSE","WMEEJ3BA8FK802630","austin",-97.73829,30.25648,0
"227","East Ave 72, 78701 Austin",NA,"CE","GOOD",54,"GOOD","CZT 0916","FALSE","WMEEJ3BA5EK748332","austin",-97.73778,30.25858,0
"228","Newning Ave 1078, 78704 Austin",NA,"CE","GOOD",72,"GOOD","FGZ 8625","FALSE","WMEEJ3BA2FK802588","austin",-97.74439,30.253,0
"229","Oltorf St W 1277, 78704 Austin",NA,"CE","GOOD",42,"GOOD","FJC 9937","FALSE","WMEEJ3BA3FK801790","austin",-97.76923,30.24532,0
"230","W 30th St 535, 78705 Austin",NA,"CE","GOOD",100,"GOOD","CZT 1027","FALSE","WMEEJ3BA9EK748267","austin",-97.74149,30.2962,0
"231","Garden St 2253, 78702 Austin",NA,"CE","GOOD",66,"GOOD","CZT 0921","FALSE","WMEEJ3BA1EK748814","austin",-97.72123,30.25277,0
"232","N Lamar Blvd 4665, 78751 Austin",NA,"CE","GOOD",72,"GOOD","FGZ 9139","FALSE","WMEEJ3BA5FK800396","austin",-97.73487,30.31568,0
"233","Newman Dr 844, 78703 Austin",NA,"CE","GOOD",100,"GOOD","CZS 9745","FALSE","WMEEJ3BA0EK748643","austin",-97.77545,30.28442,0
"234","E 11th St 1493, 78702 Austin",NA,"CE","GOOD",90,"GOOD","FBV 4371","FALSE","WMEEJ3BAXFK798502","austin",-97.72507,30.26764,0
"235","Crestview Station",NA,"CE","GOOD",33,"GOOD","FHB 1331","FALSE","WMEEJ3BA8FK801171","austin",-97.71947,30.33886,0
"236","E 5th St 1579, 78702 Austin",NA,"CE","GOOD",100,"GOOD","FJD 0193","FALSE","WMEEJ3BA5FK802133","austin",-97.72712,30.26226,0
"237","Crestview Station",NA,"CE","GOOD",27,"GOOD","CSG 1542","FALSE","WMEEJ3BA2EK733240","austin",-97.71947,30.33886,0
"238","Jones Rd 1975, 78745 Austin",NA,"CE","GOOD",36,"GOOD","FHB 0243","FALSE","WMEEJ3BA2FK799983","austin",-97.79388,30.22063,0
"239","Parkwood Rd 4442, 78722 Austin",NA,"CE","GOOD",100,"GOOD","FGZ 9137","FALSE","WMEEJ3BA1FK802176","austin",-97.71207,30.30092,0
"240","Arpdale St 2463, 78704 Austin",NA,"CE","GOOD",27,"GOOD","FBV 4382","FALSE","WMEEJ3BA8FK799325","austin",-97.78231,30.25054,0
"241","The Parking Spot",NA,"CE","UNACCEPTABLE",15,"GOOD","FJC 9782","FALSE","WMEEJ3BA4FK802690","austin",-97.67598,30.22049,0
"242","Red River St 1444, 78701 Austin",NA,"CE","GOOD",24,"GOOD","FGZ 8804","FALSE","WMEEJ3BA6FK800374","austin",-97.73516,30.27514,0
"243","Valleyridge Cir 1447, 78704 Austin",NA,"CE","GOOD",87,"GOOD","FFD 7841","FALSE","WMEEJ3BA6FK803145","austin",-97.77805,30.23366,0
"244","Valley View Rd 3976, 78704 Austin",NA,"CE","GOOD",33,"UNACCEPTABLE","FHB 2898","FALSE","WMEEJ3BA3FK799989","austin",-97.78408,30.23249,0
"245","Meriden Ln 1446, 78703 Austin",NA,"CE","GOOD",100,"GOOD","FJC 9930","FALSE","WMEEJ3BA4FK801328","austin",-97.76658,30.28666,0
"246","La Casa Dr 2309, 78704 Austin",NA,"CE","GOOD",18,"GOOD","FHB 1334","FALSE","WMEEJ3BAXFK800541","austin",-97.78225,30.2488,0
"247","Baylor St 474, 78703 Austin",NA,"CE","GOOD",100,"GOOD","FBV 4370","FALSE","WMEEJ3BAXFK798967","austin",-97.7561,30.27069,0
"248","E 51st St 1757, 78723 Austin",NA,"CE","GOOD",84,"GOOD","CZT 0918","FALSE","WMEEJ3BA1EK748196","austin",-97.69855,30.30273,0
"249","Willow Hill Dr 2400, 78741 Austin",NA,"CE","GOOD",87,"GOOD","CSF 9072","FALSE","WMEEJ3BA5EK734575","austin",-97.72598,30.23378,0
"250","E 2nd St 1708, 78702 Austin",NA,"CE","GOOD",57,"GOOD","FGZ 8689","FALSE","WMEEJ3BAXFK802161","austin",-97.72613,30.25877,0
"251","E 9th St 2464, 78702 Austin",NA,"CE","GOOD",57,"GOOD","FHB 2840","FALSE","WMEEJ3BA4FK801815","austin",-97.71503,30.26465,0
"252","Ullrich Ave 1556, 78756 Austin",NA,"CE","GOOD",45,"GOOD","CZS 9746","FALSE","WMEEJ3BA2EK748448","austin",-97.73453,30.33171,0
"253","S 1st St 722, 78704 Austin",NA,"CE","GOOD",33,"GOOD","FBV 4424","FALSE","WMEEJ3BA1FK799635","austin",-97.75185,30.25594,0
"254","Skyway Cir 2874, 78704 Austin",NA,"CE","GOOD",100,"GOOD","FHB 2859","FALSE","WMEEJ3BA4FK801975","austin",-97.7828,30.2448,0
"255","Dean Keaton and Whitis",NA,"CE","GOOD",33,"GOOD","CK9 T292","FALSE","WMEEJ3BA0AK417619","austin",-97.74003,30.28978,0
"256","W St Johns Ave 885, 78752 Austin",NA,"CE","GOOD",54,"GOOD","FGZ 8687","FALSE","WMEEJ3BA5FK802746","austin",-97.7192,30.33994,0
"257","W Ben White Blvd 2008, 78704 Austin",NA,"CE","GOOD",66,"GOOD","FJC 9932","FALSE","WMEEJ3BA0FK801441","austin",-97.78819,30.23065,0
"258","Lavaca St 587, 78701 Austin",NA,"CE","GOOD",48,"GOOD","CZT 1031","FALSE","WMEEJ3BA3EK748152","austin",-97.74518,30.26857,0
"259","The Parking Spot",NA,"CE","GOOD",45,"GOOD","FBV 4475","FALSE","WMEEJ3BA0FK803125","austin",-97.67598,30.22049,0
"260","Trinity St 552, 78701 Austin",NA,"CE","GOOD",84,"GOOD","FHB 1330","FALSE","WMEEJ3BA9FK801664","austin",-97.73945,30.2667,0
"261","Roosevelt Ave 5412, 78756 Austin",NA,"CE","GOOD",72,"GOOD","CZT 0917","FALSE","WMEEJ3BA2EK748093","austin",-97.73414,30.325,0
"262","E 48 1/2 St 977, 78751 Austin",NA,"CE","GOOD",66,"GOOD","FHB 2855","FALSE","WMEEJ3BA8FK800487","austin",-97.71418,30.30772,0
"263","Kramer Station - Brockton Dr",NA,"CE","GOOD",42,"UNACCEPTABLE","FBV 4380","FALSE","WMEEJ3BA7FK799283","austin",-97.71756,30.39338,0
"264","The Element",NA,"CE","GOOD",45,"GOOD","CK9 T264","FALSE","WMEEJ3BAXAK417420","austin",-97.73022,30.24044,0
"265","Grooms St 3232, 78705 Austin",NA,"CE","GOOD",45,"GOOD","FHB 2842","FALSE","WMEEJ3BA8FK800800","austin",-97.73463,30.296,0
"266","One Highland Center",NA,"CE","GOOD",93,"GOOD","FJC 9933","FALSE","WMEEJ3BAXFK801558","austin",-97.71164,30.32867,0
"267","Hardrock Canyon Apartments",NA,"CE","GOOD",90,"GOOD","FGZ 8811","FALSE","WMEEJ3BAXFK802287","austin",-97.75122,30.39674,0
"268","E 51st St 1225, 78723 Austin",NA,"CE","GOOD",48,"GOOD","CZS 9744","FALSE","WMEEJ3BA2EK748224","austin",-97.70792,30.30788,0
"269","W 31 1/2 St 655, 78705 Austin",NA,"CE","GOOD",36,"GOOD","FGZ 8613","FALSE","WMEEJ3BA0FK801357","austin",-97.74187,30.29872,0
"270","Cromwell Cir 2376, 78741 Austin",NA,"CE","GOOD",42,"GOOD","FGZ 8627","FALSE","WMEEJ3BA4FK802477","austin",-97.71922,30.22676,0
"271","Lamar Square Dr 1381, 78704 Austin",NA,"CE","GOOD",100,"GOOD","FGZ 8801","FALSE","WMEEJ3BA8FK801526","austin",-97.7634,30.25437,0
"272","Campbell St 576, 78703 Austin",NA,"CE","GOOD",100,"GOOD","FHB 2833","FALSE","WMEEJ3BA7FK802263","austin",-97.7644,30.27563,0
"273","E 3rd St 1262, 78702 Austin",NA,"CE","GOOD",36,"GOOD","CSF 9062","FALSE","WMEEJ3BA7EK733718","austin",-97.73107,30.26152,0
"274","E 41st St 918, 78751 Austin",NA,"CE","GOOD",33,"GOOD","CZT 0996","FALSE","WMEEJ3BA9EK748575","austin",-97.72102,30.29923,0
"275","E Riverside Dr 2347, 78741 Austin",NA,"CE","UNACCEPTABLE",15,"UNACCEPTABLE","FBV 4472","FALSE","WMEEJ3BA5FK802617","austin",-97.72573,30.23596,0
"276","E 4th St 491, 78701 Austin",NA,"CE","GOOD",63,"GOOD","CZT 1028","FALSE","WMEEJ3BA5EK748105","austin",-97.73939,30.26416,0
"277","E 7th St 1117, 78702 Austin",NA,"CE","GOOD",36,"GOOD","FHB 1676","FALSE","WMEEJ3BA6FK802724","austin",-97.73043,30.26538,0
"278","Shoal Creek Blvd 4544, 78756 Austin",NA,"CE","GOOD",84,"GOOD","FBV 4366","FALSE","WMEEJ3BA0FK799741","austin",-97.7457,30.31803,0
"279","E 30th St 349, 78705 Austin",NA,"CE","GOOD",21,"GOOD","CSG 1518","FALSE","WMEEJ3BA3EK734896","austin",-97.73543,30.29263,0
"280","Rainey St 50, 78701 Austin",NA,"CE","GOOD",90,"GOOD","CZT 1033","FALSE","WMEEJ3BA9EK748513","austin",-97.7394,30.25718,0
"281","W 7th St 283, 78701 Austin",NA,"CE","GOOD",66,"GOOD","FHB 2830","FALSE","WMEEJ3BAXFK800670","austin",-97.74474,30.26949,0
"282","Hart Ln 7236, 78731 Austin",NA,"CE","GOOD",78,"GOOD","FBV 4430","FALSE","WMEEJ3BA3FK799460","austin",-97.75513,30.35687,0
"283","E 32nd St 1411, 78722 Austin",NA,"CE","GOOD",100,"GOOD","FGZ 8677","FALSE","WMEEJ3BA1FK801948","austin",-97.71965,30.28809,0
"284","Waller St 668, 78702 Austin",NA,"CE","GOOD",84,"GOOD","FHB 1328","FALSE","WMEEJ3BA0FK801701","austin",-97.73026,30.26507,0
"285","Nueces St 360, 78701 Austin",NA,"CE","GOOD",30,"GOOD","FGZ 8621","FALSE","WMEEJ3BA3FK802843","austin",-97.74934,30.26745,0
